provider_id,value
50234,  .861872
50235, 1.011867
50236,  .958862
50239, 1.034092
50242,  .996297
50245, 1.052529
50248, 1.018729
50254,  .881729
50261,  .977438
50262,  .986975
50272,  .936757
50276,  .948754
50278, 1.020129
50279,  .864238
50280,  .990919
50281, 1.193174
50283,  .975705
50289,  .974667
50290,  .938180
50291,  .933282
50292,  .973753
50295, 1.046219
50296,  .863962
50298, 1.035427
50300,  .983242
50301,  .889687
50305, 1.022525
50308,  .997069
50309,  .955077
50313,  .978712
50315, 1.027962
50320, 1.120217
50324,  .997345
50327,  .991348
50329, 1.112678
50334,  .990298
50335,  .833562
50336,  .946993
50342,  .937074
50348,  .968636
50350, 1.070547
50351,  .951940
50352,  .864591
50353,  .971569
50357,  .953871
50359,  .962565
50360, 1.002541
50367,  .957408
50373,  .906043
50376,  .950107
50378, 1.030061
50380,  .997130
50382, 1.099234
50390, 1.027694
50393, 1.124258
50394,  .976947
50396,  .985862
50397,  .741707
50407,  .873925
50411,  .765998
50414,  .914599
50417,  .838306
50423,  .994858
50424,  .927466
50425,  .835298
50426, 1.045884
50438,  .980550
50441,  .987080
50444,  .931369
50454,  .973494
50455, 1.006333
50457,  .956868
50468, 1.284723
50471, 1.041719
50481, 1.018800
50488, 1.051240
50492,  .971725
50496,  .956636
50502, 1.005951
50503,  .979658
50510,  .751549
50512,
50515,  .793625
50517,  .995467
50523,  .928713
50528,  .850235
50534, 1.031500
50537,  .894752
50543, 1.096669
50551, 1.114497
50552,  .789510
50561,  .871668
50567,  .964535
50568,  .944235
50573,  .949917
50575, 1.395667
50580, 1.149368
50586,  .891197
50588, 1.112972
50590,  .853309
50597, 1.076500
50599,  .933724
50604,  .817583
50608,  .947742
50616, 1.019180
50624,  .989991
50625, 1.025698
50636, 1.007124
50641, 1.091135
50663, 1.294885
50674,  .823101
50677,  .876005
50678, 1.026484
50684, 1.016987
50686,  .914526
50688,  .976554
50690,  .882190
50696,  .955430
50701,  .990376
50704, 1.175923
50708,  .875018
50710,  .861261
50714,  .931351
50723,  .817569
50724,  .944509
50726,  .889014
50735, 1.281544
50736, 1.010444
50738, 1.262768
50739, 1.034525
50742, 1.082744
50744, 1.166062
50745, 1.232876
50747, 1.330919
50748,  .858014
50754,  .904216
50755, 1.057781
50757, 1.067957
100073, 1.083874
100075, 1.049826
100077, 1.034077
100080, 1.051515
100081, 1.092487
100084, 1.024672
100086, 1.044951
100087, 1.062966
100088, 1.033887
100090,  .984530
100092, 1.019775
100093, 1.009487
100099, 1.034911
100102, 1.055954
100105, 1.068299
100106,  .978554
100107, 1.072379
100109, 1.024675
100110, 1.008482
100113, 1.033438
100117, 1.019129
100118, 1.005399
100121,  .990949
100122,  .982834
100124,  .965063
100125, 1.073092
100126, 1.108409
100127, 1.045183
100128, 1.011601
100130,  .989305
100131, 1.057383
100132, 1.025985
100135, 1.032969
100137,  .991238
100140,  .925280
100142, 1.028734
100150,  .960843
100151,  .965613
100154, 1.047083
100156, 1.037762
100157, 1.002997
100161, 1.026047
100166, 1.071640
100167, 1.043329
100168, 1.048104
100173, 1.102351
100175, 1.013096
100176, 1.040207
100177,  .987666
100179, 1.066227
100180, 1.085999
100181, 1.072310
100183, 1.108877
100187, 1.101222
100189, 1.054271
100191, 1.058930
100200, 1.079294
100204,  .996782
100206, 1.010252
100209,  .992006
100211, 1.076093
100212, 1.027643
100213, 1.053341
100220, 1.028568
100223, 1.004896
100224, 1.110120
100228, 1.087145
100230,  .982554
100231, 1.004116
100234, 1.078065
100236, 1.051212
100240,
100242, 1.067520
100243, 1.011144
100246, 1.064373
100248, 1.121891
100249, 1.068972
100253, 1.018646
100254, 1.023843
100256, 1.025052
100258, 1.112324
100259, 1.016012
100264, 1.039771
100265, 1.067918
100267,  .993005
100268, 1.081038
100269, 1.045142
100276, 1.053548
100277,  .890189
100281, 1.021646
100285, 1.051835
100286,  .948204
100288, 1.110487
100289,  .953372
100290, 1.005362
100292,  .966912
100296, 1.040931
100302, 1.052013
100307,  .969227
100313,  .973444
100315,  .989027
100316, 1.021917
100319, 1.009976
100321,  .967085
100322,  .870241
90005,  .935729
90008, 1.053617
90011, 1.024467
100001, 1.011932
100006, 1.011165
100007, 1.020480
100008,  .992404
100012, 1.017411
100014, 1.012154
100018, 1.012036
100019, 1.045896
100022, 1.040576
100025, 1.022821
100026, 1.058427
100029, 1.127368
100030, 1.044135
100032, 1.072095
100035, 1.083845
100038, 1.070467
100040, 1.012547
100043, 1.071346
100044, 1.051673
100046,  .995793
100047, 1.054178
100048,  .912105
100050, 1.118725
100051, 1.005308
100053, 1.092302
100054,  .915403
100055, 1.063474
100062, 1.048597
100063, 1.093152
100068, 1.033247
100069, 1.052495
100070, 1.034782
100072, 1.054230
10001,  .999877
10005,  .983838
10006,  .987106
10007, 1.091527
10008, 1.048925
10011, 1.018878
10012, 1.002975
10016, 1.038660
10018,
10019, 1.036255
10021,  .997852
10022,  .957417
10023, 1.028851
10024, 1.017859
10029,  .895810
10032,  .920650
10033,  .962895
10034,  .935007
10035,  .966526
10036,  .938072
10038,  .979949
10039, 1.008153
10040, 1.030779
10044,  .899546
10045,  .939466
10046,  .971895
10047,  .931721
10049, 1.008107
10051,  .926167
10052,  .913665
10055, 1.020101
10056, 1.051588
10058, 1.054940
10059,  .875646
10061,  .956735
10062,  .978000
10065,  .994182
10069,  .998593
10073, 1.027543
10078, 1.002898
10079,  .921274
10083,  .979414
10085,  .973507
10086,  .996362
10087,  .966342
10089,  .968880
10090,  .978250
10091,  .988932
10092,  .993068
10095, 1.026289
10097,  .967004
10099, 1.020358
10100,  .957383
10101,  .997603
10102,  .980839
10103, 1.009932
10104, 1.006347
10108,  .942388
10109,  .836889
10110, 1.052041
10112, 1.036367
10113,  .974258
10114,  .983008
10118,  .945833
10125,  .879434
10126,  .986293
10128,  .928402
10130,  .851080
10131,  .970306
10138, 1.081071
10144,  .959491
10146, 1.133463
10149,  .937120
10150,  .955890
10157, 1.094021
10164, 1.013786
10168,  .974242
20001,  .905135
20006,  .802409
20008,  .898359
20017,  .889942
20018,  .774963
20024,  .874852
30001,  .929936
30002,  .972999
30007,  .939852
30010,  .982765
30011, 1.010589
110001,  .939956
110002,  .965030
110003,  .949470
110004,  .952004
110005,  .954110
110006,  .999612
110008, 1.013475
110010,  .964656
110011, 1.021219
110016,  .939893
110018,  .999883
110024, 1.049994
110025,  .946660
110026,  .951270
110028,  .986835
110029,  .922171
110030,  .957000
110032,  .944798
110034, 1.023545
110036,  .980356
110038,  .995163
110039,  .969010
110041,  .950566
110042,  .894618
110044,  .905872
110045,  .942267
110046,  .979690
50758, 1.140129
50760,  .771737
50761, 1.026834
50763, 1.461380
50764,  .917183
50765,  .997851
50766,  .913472
50767,  .811426
50769,  .949939
50770,  .989280
50771, 1.196381
50772,  .782878
50773, 1.020756
50775,  .932183
50776, 1.148648
50777,  .840205
50778,
50779,  .868687
50780,
60001, 1.019962
60003, 1.019965
60004,  .948799
60006,  .994112
60008,  .990833
60009,  .940339
60010,  .927043
60011,  .951771
60012, 1.017752
60013,  .964283
60014, 1.042212
60015, 1.009523
60016,  .895807
60020,  .973952
60022, 1.033920
60023,  .973254
60024,  .974670
60027,  .951764
60028,  .953052
60030,  .976289
60031, 1.017820
60032,  .968962
60034, 1.026441
60036,  .834459
60043,
60044,  .983738
60049,  .907108
60054,  .942141
60064,  .932536
60065,  .997384
60071,  .919029
60075, 1.005090
60076,  .949325
60096,  .910731
60100, 1.039758
60103,  .966420
60104,  .918076
60107,
60112,  .979748
60113, 1.001625
60114, 1.003885
60116,  .959621
60117,  .934079
60118,  .916256
60119, 1.003960
60125,  .959248
60126,  .863646
70002, 1.039586
70004,  .923876
70005, 1.014117
70007, 1.038096
70008, 1.042596
70010, 1.023211
70012,  .957943
70016, 1.024759
70018, 1.001311
70019, 1.021900
70020,  .988839
70022, 1.014935
70024,  .995510
70025,  .997470
70028, 1.057938
70029, 1.039575
70033, 1.031115
70034, 1.008617
70035, 1.003092
70039, 1.015493
80001,  .993887
80003, 1.064556
80004, 1.020733
80007,  .959326
80009, 1.000174
90001,  .985191
90004, 1.004618
40011,  .809774
40014,  .984856
40015, 1.084873
40016,  .979515
40017,  .909518
40018,  .927638
40019,  .897742
40020, 1.009808
40022,  .983635
40026,  .987728
40027,  .967081
40029,  .988267
40036, 1.004325
40039, 1.009882
40041, 1.023663
40047,  .962311
40050, 1.025292
40051,  .914407
40055, 1.052904
40062, 1.040287
40067, 1.087298
40069,  .845711
40071, 1.071935
40072,  .948039
40074, 1.048631
40076,  .958134
40078, 1.021216
40084,  .964374
40085,  .806978
40088, 1.079038
40114,  .994010
40118, 1.000271
40119,  .985006
40134,  .905747
40137, 1.081740
40147,  .896600
40152, 1.023642
40153, 1.002250
50002, 1.067384
50006,  .888708
50007,  .910869
50008,  .972785
50009,  .908557
50013,  .932893
50014,  .923768
50017,  .944696
50018, 1.206288
50022, 1.051389
50024, 1.095873
50025, 1.005296
50026,  .987951
50028,  .860757
50030,  .819999
50036, 1.044037
50038,  .964258
50039,  .982981
50040,  .884440
50042,  .866719
50043, 1.026734
50045,  .967308
50047,  .932725
50054, 1.067507
50055,  .899225
50057,  .976795
50058, 1.067499
50063, 1.102903
50067,  .980896
50069, 1.004165
50071,  .866294
50072,  .737237
50073,  .802200
50076,  .774099
50077, 1.039875
50082, 1.020321
50084,  .985861
50089, 1.081993
50091, 1.007843
50093,  .986963
50099, 1.009568
50100,  .994938
50101, 1.035851
50103, 1.021810
50104, 1.090519
50107,  .930164
50110,  .922460
50112,  .996186
50115, 1.015499
50116, 1.035081
50118,  .974361
50122, 1.009083
50124, 1.068053
50125,  .974558
50127,  .936827
50128,  .989811
50131,  .952315
50132, 1.195537
50133,  .921853
50136,  .954302
50137,  .866371
50139,  .924944
50140,  .887159
50145,  .938316
50150,  .921271
50152, 1.030577
50153,  .998178
50159,  .982095
50167,  .981296
50169, 1.020832
50174,  .961296
50179,  .973770
50189,  .855856
50191, 1.168319
50194,  .930949
50195,  .936012
50204, 1.015181
50205, 1.489152
50211, 1.040135
50224,  .989846
50225,  .860699
50228,  .947245
50230, 1.076698
50231, 1.012939
190313, 1.084663
200001,  .984311
200008,  .980563
200009, 1.003839
200018,  .892070
200020,  .972019
200021,  .888958
200031,  .884586
200033, 1.029237
200034,  .994152
200039,  .954216
200041,  .992408
200052,  .849516
200063,  .913563
220001,  .987565
220008, 1.051078
220010, 1.061730
220011, 1.010491
220015, 1.013552
220016,  .896957
220019, 1.011119
220020, 1.021381
220024,  .990821
220030, 1.040763
220031,  .995913
220033,  .997617
220036, 1.048615
220046, 1.011113
220050, 1.027088
220052, 1.003294
220058, 1.071460
220062,  .843272
220063,  .988978
220066, 1.043830
220070, 1.052597
220071, 1.029682
220074, 1.032281
220075,  .967478
220077, 1.024174
220083,  .985916
220084,  .945648
220088, 1.013814
220090, 1.002891
220095, 1.028498
220100, 1.004004
220101,  .961748
220108,  .963632
220110, 1.031983
220111, 1.046421
220119,  .971765
220126, 1.015827
220135, 1.007133
220171,  .999034
220175, 1.021499
220177,  .798782
230002,  .992502
230003,  .898091
230013,  .948522
230015,  .976584
230019,  .976819
230020, 1.055610
230021,  .954644
230024, 1.015580
250057,  .989875
250058,  .906855
250060,  .981478
250061,  .825999
250067,  .998080
250069, 1.200540
250072, 1.048561
250077,  .939657
250078,  .985929
250079,  .849429
250081,
250082, 1.066713
250084, 1.159022
250085, 1.001184
250093,  .979004
250094, 1.008301
250095,  .919182
250096,  .986306
250097,  .982993
250099, 1.015952
250100,  .991337
250102, 1.022509
250104, 1.072241
250117,  .979080
250123, 1.036777
250124, 1.014466
250126,  .933584
250127,
250128, 1.033339
250134,
250136,
250138, 1.006228
250141, 1.006162
250151, 1.043096
250162,  .970694
250167,  .951801
250168,  .995462
260001,  .970596
260004,  .847301
260005,  .981666
260006,  .949510
260009,  .844807
260011,  .929936
260015, 1.007551
260017,  .960917
260020,  .976933
260022,  .934816
260023,  .977109
260024,  .866922
260025,  .919049
260027,  .999915
260032,  .991006
260034,  .828475
260040,  .949821
260047,  .952710
260048,  .877666
260050,  .874342
260052,  .917247
260057,  .971669
260059,  .849330
260061,  .934177
260062,  .972984
260064,  .949522
260068,  .989377
260070,  .934590
260074,  .945499
260078,  .912572
260080, 1.086155
260081,  .919865
260091,  .994128
260094,  .964665
260096,  .983723
260097,  .865793
260102,  .863719
260105, 1.052126
260108,  .977421
260113,  .951940
260119,  .980892
260137,  .976865
260141, 1.007306
260142,  .884975
260160,  .990443
260163,  .955937
260175,  .947714
260177, 1.012589
260179,  .950299
260180, 1.013996
260186,  .896486
260190,  .941475
260193,  .920632
260195,  .938364
260200,  .973494
260209,  .955993
260210,  .983518
260214,  .951066
260216,  .964289
260219,  .942431
260227,  .957913
270004,  .943462
270012,  .981447
270014,  .908746
270023,  .917636
270032,  .770428
270051,  .934925
270057,  .918236
270074,  .833925
270087,  .953884
280003, 1.009892
280009, 1.021528
280020,  .982488
280023,  .991324
280032, 1.009663
280040, 1.039531
280060, 1.036114
280065,  .935631
280077, 1.034663
280081, 1.039389
280111,  .982982
280125, 1.021416
280128, 1.006127
280129,  .919793
280130, 1.024018
280132,  .962057
280133,  .916767
290001, 1.009716
290003, 1.165176
290006,  .870124
290007, 1.081029
290008,  .904573
290012, 1.160442
290019,  .955868
290021, 1.118029
290022, 1.137223
290032,  .957712
290039, 1.093418
290041, 1.133578
290045, 1.107985
290046, 1.143257
290047, 1.068777
290049,  .889444
290053, 1.112172
290054, 1.075159
300001,  .986178
300003, 1.022170
300005, 1.021932
300011, 1.029343
300012, 1.014281
300014,  .988392
300017, 1.063087
300018, 1.019240
300019,  .968886
300020, 1.002883
300023,  .992944
300029, 1.000870
300034,  .991510
310001, 1.100275
310002, 1.067440
310003, 1.032204
310005, 1.033101
310006, 1.040692
310008, 1.077800
310009, 1.123439
310010, 1.058782
310011,  .996642
310012, 1.089668
310014, 1.054205
310015, 1.049300
310016, 1.108547
310017, 1.096932
310019, 1.090649
310021, 1.114074
310022, 1.034495
310024, 1.107361
310025, 1.048334
310027, 1.155812
310028, 1.038498
310029, 1.023181
310031, 1.028667
310032, 1.046981
310034, 1.029651
310038, 1.070317
330185, 1.035293
330188,  .940952
330191,  .989680
330193, 1.122588
330194, 1.035851
330195, 1.018259
330196, 1.088544
330197,  .813542
330198, 1.030964
330199,  .890176
330201, 1.131019
330202,  .890149
330203,  .959239
330204,  .919747
330205, 1.034707
330208, 1.014214
330211,  .861915
330214, 1.013225
330215,  .962605
330218, 1.013234
330219,  .997867
330221, 1.001314
330223,  .798143
330224,  .866920
330226,  .910829
330231,  .908018
330232,  .945201
330234, 1.095559
330235,  .922277
330236, 1.012216
330239,  .956975
330240,  .986896
330245, 1.012190
330246, 1.032614
330250,  .927324
330261, 1.016977
330264, 1.014173
330265,  .825351
330268,  .866761
330270, 1.003534
330276,  .948233
330277,  .910865
330279,  .997414
330286, 1.063916
330304, 1.055910
330307,  .897730
330331, 1.048945
330332, 1.088688
330350,  .955377
330372, 1.031040
330386,  .984179
330393,  .983226
330395, 1.067151
330396,  .940396
330397, 1.058989
330401, 1.091499
330403,
330406,  .839342
340001,  .993328
340002,  .995920
340003,  .893232
340004, 1.005086
340008,  .886657
340013,  .963029
340014,  .974827
340016,  .949415
340017,  .961630
340020,  .923967
340023, 1.007930
340024,  .859472
340028,  .950653
340030,  .967931
340032,  .945520
340039,  .942108
340040,  .983889
340041, 1.046675
340047,  .989371
340049,  .835963
340051,  .932969
340053,  .991708
340060,  .973231
340064, 1.011754
340068,  .940050
340069, 1.015774
340071,  .916471
340073,  .992803
340084,  .824828
230029,  .999758
230030,  .992945
230031,  .945283
230035,  .890676
230036, 1.004938
230037,  .980558
230038,  .964804
230040,  .882658
230041, 1.026325
230046, 1.007247
230047, 1.021396
230053, 1.028011
230054, 1.019952
230055,  .943771
230058,  .890899
230059,  .951999
230066,  .959091
230069,  .935565
230070, 1.001557
230071, 1.070593
230072,  .909541
230075,  .993074
230077, 1.015249
230078,  .961519
230080,  .921930
230081,  .881467
230085,  .903351
230089,  .942258
230092,  .936820
230093,  .890889
230095,  .951825
230096,  .937538
230097,  .900059
230099,  .993349
230100,  .927149
230104, 1.011607
230105,  .947680
230108,  .912850
230110,  .898138
230117,  .950492
230118,  .884378
230121,  .926557
230130,  .993987
230132,  .969554
230133,  .840302
230141,  .985972
230142, 1.059249
230144, 1.100985
230146, 1.055552
230151, 1.041716
230156,  .968330
230165, 1.000000
230167,  .937558
230174,  .961984
230176, 1.030725
230180,  .817081
230193,  .929272
230195, 1.037621
230197,  .956657
230207, 1.006846
230208,  .960974
230216,  .952843
230217,  .887112
230222,  .900957
230230,  .954166
230236,  .943566
230239,  .904525
230244, 1.021486
230254, 1.058042
230264,
230269,  .996784
230270, 1.096224
230275,  .897441
230277,  .994563
230279,  .637569
230301, 1.199028
230302,  .998161
240001,  .946061
240002,  .966850
240004,  .933731
240010,  .956641
240014,  .804961
240019, 1.001658
240020,  .819212
240022,  .907013
240036,  .957683
240038,  .949450
240040,  .978363
240044,  .873505
240047, 1.004274
240052,  .917717
240053,  .909315
240056,  .950387
240059,  .855485
240063,  .940651
240066,  .854589
240069,  .824167
240071,  .904416
240076,  .918325
240078,  .933101
240080,  .984731
240088,  .904670
240093,  .944431
240101,  .850263
240104,  .853841
240106,  .962935
240132,  .901792
240141,  .903157
240187,  .972364
240196,
240206,
240210,  .953328
240213,  .903297
240214,  .831493
250002,  .964765
250004, 1.011930
250007,  .976617
250009,  .964408
250012, 1.050514
250019, 1.040135
250020,  .953527
250027,  .852566
250031, 1.077024
250036, 1.000474
250038,  .920997
250040,  .980781
250043,  .883895
250044,  .897351
250049,  .878846
250050, 1.022009
110051,  .898290
110054, 1.021393
110064, 1.042118
110069,  .984878
110071,  .893667
110073,  .995905
110074,  .946544
110075, 1.037245
110076, 1.031503
110078,  .949232
110079,  .965812
110082,  .944084
110083,  .948919
110086,  .729223
110087,  .977383
110089,  .898859
110091,  .993717
110092, 1.010947
110095,  .919543
110100,  .775576
110101,  .791623
110104,  .835169
110105,  .974063
110107, 1.010434
110109,  .865065
110111,  .879865
110113,  .826035
110115, 1.041351
110121,  .858383
110122,  .995404
110124,  .994988
110125,  .938274
110128,  .969623
110129, 1.014722
110130,  .818132
110132,  .859440
110135, 1.009100
110142,  .798526
110143, 1.003380
110146,  .959774
110150,  .907903
110153,  .852695
110161,  .969140
110164,  .967392
110165,  .998664
110168,  .907911
110177,  .983477
110184,  .936844
110187,  .935870
110189,  .913667
110190,
110191,  .975709
110192, 1.015717
110194,  .715175
110198, 1.033242
110200,  .981660
110201, 1.027158
110205, 1.031315
110209, 1.289005
110215,  .949667
110225,  .880393
110226,  .944108
110229,  .929986
110230,  .920760
110234, 1.052968
120001,  .907327
120002,  .858150
120005,  .885986
120006,  .862902
120007,  .946530
120014,  .865932
120019,  .872702
120026,  .935889
120028,  .874122
130002,  .954236
130006,  .935208
130007,  .965915
130013,  .931560
130018, 1.008708
130025,  .995880
130049, 1.020847
130063,  .838797
130065,  .956760
130067,
140001,  .938174
140007, 1.069778
140008, 1.072722
140010, 1.044741
140012,  .931380
140013,  .970896
140015,  .967933
140019, 1.067602
140029, 1.048080
140032,  .956045
140033,
140034,  .964461
140043,  .958621
140046, 1.001934
140049,  .974094
140052,  .979155
140053, 1.005109
140058,  .934191
140059, 1.050526
140062,  .998293
140064, 1.031359
140065, 1.079690
140068, 1.000139
140077,  .954256
140080, 1.045430
140083, 1.074454
140084, 1.029106
140089,  .968488
140091, 1.003039
140093,  .978162
140100,  .950922
140101,  .994475
140103, 1.030561
140113,  .948883
140114, 1.023430
140116, 1.031771
140117, 1.158953
140118, 1.030218
140120,  .989103
140122, 1.073960
140124,  .819622
140127,  .956305
140130,  .986154
140135,  .981194
140137, 1.008961
140143,  .995465
140147,  .960001
140148,  .982863
140150, 1.005499
140155,  .933621
140158, 1.018666
140160,  .990784
140161,  .874310
140162,  .902428
140164, 1.024477
140166,  .962918
140167,  .937863
140172, 1.007733
140174,  .968001
140176, 1.016493
140177, 1.056210
140179,  .998842
140180, 1.000430
140181, 1.007887
310039, 1.120860
310040, 1.108852
310041, 1.097974
310044, 1.032565
310045, 1.062749
310047, 1.009308
310048, 1.074574
310050, 1.079632
310051, 1.039668
310052, 1.097515
310054, 1.077941
310057, 1.027826
310060,  .934154
310061, 1.038403
310064, 1.009273
310070, 1.072099
310073, 1.036777
310075, 1.114553
310076, 1.072705
310081, 1.034663
310084, 1.140075
310086, 1.031938
310091, 1.057339
310096, 1.044790
310108, 1.117774
310111, 1.086186
310112, 1.081815
310113, 1.010784
310118, 1.131658
310119, 1.100837
320001, 1.019164
320002,  .941402
320003,  .869857
320005,  .952916
320006,  .909500
320009,  .978462
320013,  .902395
320016,  .920644
320018, 1.042437
320021,  .949217
320022,  .921113
320033,  .853301
320038,  .814452
320057,
320059,  .756370
320060,  .756065
320061,  .785180
320062,  .653676
320063,  .880279
320065,  .907341
320070,  .643695
320074,  .855161
320085, 1.018315
320086,  .993147
320089,  .976624
330004, 1.001406
330005,  .968287
330006, 1.034466
330009,  .932509
330011,  .914159
330014, 1.029839
330019, 1.021828
330023,  .973878
330027,  .979900
330028, 1.018373
330033,  .931672
330043, 1.072565
330044, 1.019414
330046,  .958491
330047,  .934316
330049,  .962552
330056, 1.043908
330057,  .940523
330059,  .961462
330061, 1.059215
330065,  .923154
330074,  .872702
330078, 1.006537
330080, 1.033367
330084,  .765509
330085,  .873065
330086, 1.133555
330088,  .972953
330090,  .949082
330094, 1.017358
330096,  .889327
330100,
330101,  .978553
330102,  .990440
330103,  .986558
330104, 1.078786
330106,  .997986
330107, 1.027680
330108,  .953504
330111,  .981935
330115,  .899664
330119,  .992463
330125,  .922263
330126, 1.077030
330127,  .996551
330128, 1.017116
330132,  .955111
330135,  .918585
330136,  .958086
330140,  .959021
330141, 1.075031
330144,  .814254
330151,  .836635
330153,  .953049
330157,  .939648
330158, 1.048960
330160, 1.033848
330162,  .971978
330163,  .949982
330164,  .935333
330166,
330167, 1.017757
330169, 1.030322
330175,  .880805
330180,  .969116
330181, 1.101265
330182, 1.019334
330184,  .999850
30013,  .988677
30014,  .969923
30022,  .935944
30023,  .945999
30024,  .987512
30033,  .927522
30036,  .993503
30037,  .960232
30043,  .964913
30055,  .911304
30062,  .899589
30064,  .977753
30065,  .975616
30069,  .899648
30071,  .800059
30074,  .674786
30078,  .662461
30083, 1.023315
30085, 1.014656
30087, 1.030868
30088,  .975422
30092,  .978672
30093,  .923465
30101,  .898867
30103,  .920520
30105,  .998242
30108,  .859414
30110,  .957787
30111,  .976632
30113,  .785308
30114,  .966245
30117,  .889610
30118,  .929565
30119,  .981894
30121, 1.017293
30122,  .974374
30130,  .917113
30131,  .991670
30132, 1.006670
30136,
30137,  .955190
40001, 1.024270
40004, 1.012114
40007, 1.011174
160064,  .939735
160067,  .949730
160069,  .923447
160079,  .889054
160080,  .995728
160082,  .950147
160083,  .960890
160089,  .949970
160101, 1.003086
160104,  .922658
160110,  .940715
160112,  .876501
160117,  .969317
160122,  .834015
160124,  .930673
160146,  .934370
160147,  .906063
160153,  .997173
170006,  .965901
170009,  .918191
170012, 1.048904
170013,  .998731
170014,  .933522
170016, 1.018286
170017,  .948830
170020,  .947101
170023,  .985563
170027, 1.020744
170039,  .846357
170040, 1.000076
170049,  .997987
170058,  .957285
170068,  .962985
170074,  .877419
170075,  .744467
170086, 1.019540
170094,  .755509
170103,  .924315
170104,  .996253
170105,  .862377
170109,  .911851
170110,  .714475
170120,  .939510
170122, 1.021122
170123, 1.037328
170133,  .910555
170137,  .913095
170142,  .997854
170145,  .928999
170146,  .938632
170150,  .931345
170166,  .614360
170175,  .894986
170176, 1.009343
170182, 1.030187
170183,  .915715
170185,  .978903
170186,  .961174
170187,  .899957
170188,  .923197
170190,  .891065
170191, 1.020909
170194,  .956998
170196,  .944667
170198,  .931093
170199,
170200, 1.002466
170203,  .909117
180001,  .992553
180004,  .960532
180005,  .948321
180009,  .973514
180011,  .917937
180012,  .957323
180016, 1.031336
180017, 1.004111
180018,  .901791
180020,  .871559
180021,  .852321
180024, 1.004974
180027,  .979513
180029,  .940956
180036,  .943419
180038,  .998646
180040,  .981992
180044,  .960081
180045, 1.036079
180048,  .961493
180049,  .975477
180050,  .889284
180053,  .932246
180056, 1.041986
180064,  .969622
180067, 1.053078
180069,  .860189
180078,  .919127
180079, 1.006607
180080,  .960682
180088, 1.023402
180092,  .937417
180093, 1.056120
180101,  .997474
180102,  .975695
180104,  .996100
180105,  .909537
180106,  .987174
180116, 1.051989
180124,  .997462
180128,  .986394
180130,  .972820
180132,  .973937
180139,  .953543
180141, 1.049674
180143,  .950144
190002, 1.022601
190003, 1.150199
190005, 1.000335
190006, 1.008401
190007, 1.126206
190011, 1.058243
190013, 1.022275
190015, 1.131696
190017, 1.078142
190019, 1.042702
190025, 1.220631
190026, 1.053227
190027, 1.037648
190036,  .957998
190039, 1.012296
190041, 1.086391
190044, 1.013912
190045, 1.002893
190050, 1.038403
190053, 1.053983
190054, 1.161837
190060, 1.024469
190064, 1.004485
190065,  .985160
190079,  .962644
190081,  .930994
190086, 1.143555
190088, 1.042570
190090, 1.237653
190098, 1.019568
190099, 1.141102
190102, 1.063648
190106, 1.051959
190111, 1.068153
190114, 1.215115
190116, 1.003109
190118, 1.202118
190125, 1.027110
190128, 1.021190
190133,  .909307
190140, 1.101097
190144, 1.016825
190145,  .966091
190146, 1.000268
190151, 1.006212
190160, 1.052080
190164, 1.071963
190167, 1.089703
190176,  .955811
190177, 1.016729
190183,  .909349
190184, 1.037786
190190,  .815040
190199,
190201,  .943222
190202, 1.036153
190204,  .992636
190205, 1.016762
190208,  .870736
190218, 1.140299
190236, 1.181954
190241,
190242, 1.119805
190245,  .898490
190246, 1.125778
190250,  .972032
450713, 1.040861
190251,
190255,  .867382
190256,
190259, 1.047056
190263,  .929406
190266, 1.038812
190267,
190268,
190270,  .966621
190274,  .975401
190278,  .987498
190297, 1.432340
190298, 1.000873
190303, 1.286419
190308, 1.028561
190312, 1.116832
450610, 1.039188
450617, 1.079655
450634, 1.075392
450638, 1.116830
450639, 1.082431
450643, 1.036935
450644, 1.176472
450651, 1.120402
450653, 1.037293
450654,  .942442
450658, 1.125954
450659, 1.133796
450661, 1.070869
450662, 1.053091
450668, 1.059187
450669, 1.056646
450670, 1.171745
450672, 1.078205
450674,  .933113
450675, 1.088444
450677, 1.091127
450678, 1.143250
450684, 1.049656
450686, 1.043668
450688, 1.102744
450690,  .997321
450694, 1.036647
450697, 1.058474
450698,  .885070
450702,  .999865
450709, 1.151285
450711,  .956695
450716, 1.153939
450718, 1.068001
450723, 1.113529
450730, 1.146769
450742, 1.141032
450743, 1.100712
450746, 1.118537
450747, 1.049109
450749, 1.420720
450754, 1.006787
450755,  .930579
450766,  .996636
450771, 1.116524
450774,  .962275
450775, 1.082758
450779, 1.045704
450780,  .985821
450788, 1.023998
450797,  .839723
450801, 1.085301
450803, 1.045615
450804,  .923451
450808, 1.101698
450809, 1.038745
450820, 1.059050
450822, 1.013553
450825,  .881187
450827, 1.124383
450828, 1.088263
450831,
450833, 1.062076
450834,  .888851
450840, 1.087327
450844, 1.112921
450845,  .890054
450847, 1.038435
450848,  .971840
450851,  .972315
450853, 1.073144
450855, 1.015277
450856, 1.014992
450860,  .952743
450864,  .922503
450865,
450867, 1.022819
450871,  .993735
450872,  .974106
450875,  .916212
450876,  .955949
450877, 1.392377
450883, 1.041700
450885, 1.116842
450889, 1.093598
450890, 1.083460
450891,  .991058
450894, 1.026351
460001, 1.039513
460003, 1.035183
460005, 1.067139
460006,  .913194
460009, 1.048129
460010,  .986585
460011,  .915478
460014,  .990813
460015,  .966794
460017, 1.037020
460021,  .959725
460023,  .973398
460030,  .889281
460033,  .721976
460035,  .651157
460041, 1.099549
460042,  .996823
460044,  .988848
460047, 1.046818
460049,  .955071
460051, 1.047365
460052,  .993206
460054,  .999392
460058, 1.029761
460060, 1.038677
470001,  .939273
470005,  .938917
470011,  .960839
470012,  .927748
490001,  .888502
490002,  .873668
490005,  .973040
490007,  .975440
490009, 1.028258
490013,  .906223
490017,  .972741
490019,  .932758
490020,  .969007
490021,  .938812
490023, 1.017040
490024,  .986703
490032, 1.003523
490037,  .900556
490038,  .910569
490041,  .900218
490042,  .945536
490043,  .961808
490045, 1.016256
490046,  .948606
490050,  .959771
490052,  .961415
490053,  .914407
490059,  .986363
490060,  .892278
490063,  .982588
490066,  .902234
490067, 1.015801
490069,  .963268
490075, 1.026317
490077,  .928273
490079,  .960515
490084,  .894680
490088,  .838798
490089,  .843037
490090,  .984345
490092,  .846334
490093,  .946717
490094,  .911325
490097,  .974411
490098,  .903998
490101,  .932374
490107,  .966407
490110, 1.016388
490111,  .946677
490112,  .993341
490113,  .966129
490114,  .992688
490115,  .971753
490116,  .979874
490117,  .947601
490118, 1.001553
490119,  .952290
490120,  .974358
490122,  .937818
490123,  .858290
490126,  .923672
490127, 1.010354
490130,  .866906
490136,  .995510
490140,  .989659
490141,  .956561
490143, 1.055639
490144,  .951357
500001,  .956428
500002,  .933627
500003,  .957647
500005,  .944237
500007,  .892397
500008, 1.005668
500011,  .989762
500012,  .958571
500014,  .919148
500015,  .944982
500016,  .863356
500019,  .889526
500021,  .914181
500024,  .921471
500025, 1.044722
500026,  .957005
500027,  .959558
500030,  .893360
500031,  .931677
500033,  .888023
500036,  .912597
500037,  .823080
500039,  .966798
500041,  .858688
500044, 1.012505
500050,  .897168
500051,  .909465
500054,  .985706
500058,  .979281
500060,  .929807
500072,  .930273
500077,  .980923
500079,  .921826
500088,  .905823
500108,  .960041
500124,  .959112
500129,  .934654
500139,  .910166
500148,
500150,  .885408
500152,  .896659
510001, 1.013473
510002,  .945882
510007, 1.008201
510008,  .953998
510012,  .921064
510022,  .984064
510023, 1.060148
510029,  .927830
510030,  .845855
510031,  .909162
510039, 1.026940
510046,  .955455
510048,  .938289
510050, 1.004848
510055,  .960127
510062,  .916297
510070,  .998024
510071,  .976603
510077,  .849315
510082,  .881043
510091,  .798389
520002,  .857118
520004,  .891891
520009,  .959207
520011,  .868330
520017,  .835192
520019,  .872803
520021,  .993786
520028,  .918831
520030,  .949205
520033,  .866230
520035,  .912999
520037, 1.002188
520041,  .840161
520044,  .972546
520045,  .938574
520049,  .966519
520051,  .972926
520057,  .894318
520062,  .913643
520063,  .922465
520070, 1.026999
520071,  .861224
520075,  .963629
520078,  .964656
520083,  .948297
520088,  .904729
520089,  .921816
520091,  .839711
520096,  .978726
520097,  .877883
520098,  .962262
340085,  .973596
340087,  .893064
340090,  .955991
340091,  .937495
340096,  .913349
340097,  .947420
340098,  .955025
340099,  .889962
340106,  .838195
340107,  .931038
340109,  .914648
340113,  .987029
340114,  .954416
340115,  .924319
340116,  .956151
340119,  .969259
340120,  .888081
340123,  .927957
340126,  .962465
340127,  .915477
340129,  .961329
340130,  .979820
340131,  .898249
340132,  .955518
340133,  .963760
340141,  .976144
340142,  .916918
340143,  .998348
340144,  .904091
340145,  .995206
340147,  .964126
340148,  .893883
340151,  .956722
340155,  .953733
340156,  .775602
340158,  .923017
340159,  .933884
340166,  .949480
340171,  .951299
340173,  .962549
340183,  .937511
340184,  .919056
340186,  .897991
340188,  .840290
350002,  .892673
350006,  .981772
350011,  .988741
350015,  .923012
350019,  .968474
350063,  .685868
350064,
350070,  .948648
360001,  .964729
360002,  .920457
360003, 1.035086
360006, 1.026100
360008, 1.076844
360009,  .986306
360010, 1.006533
360011,  .968996
360012, 1.005979
360013, 1.040094
360014,  .961563
360017, 1.015687
360020, 1.024281
360025, 1.064919
360027, 1.014402
360029,  .984994
360035, 1.008346
360036,  .974926
360037,  .959492
360040,  .988628
360041, 1.061684
360046,  .918878
360048, 1.074843
360051, 1.032459
360054, 1.066903
360055, 1.043457
360056, 1.009653
360059, 1.011038
360064, 1.089325
360066,  .999149
360068, 1.026818
360070, 1.031481
360072, 1.001350
360074, 1.054391
360076, 1.016064
360077, 1.008917
360078,  .962160
360080, 1.043068
360081, 1.023064
360082, 1.030055
360085, 1.001276
360086, 1.030968
360089,  .889642
360090,  .963487
360091, 1.008896
360095,  .975672
360096, 1.028564
360107, 1.044603
360109,  .973737
360112, 1.066536
360121, 1.169597
360123,  .963969
360125,  .965795
360132, 1.068105
360133, 1.018353
360137, 1.021921
360141, 1.037190
360143, 1.038898
360145, 1.013657
360147,  .989806
360150, 1.027203
360151, 1.036311
360152,  .973257
360155,  .995481
360156, 1.070581
360159,  .984371
360163, 1.002328
360170, 1.016089
360174, 1.011312
360175,  .996279
360179,  .991564
360185, 1.051276
360189,  .928301
360192, 1.032437
360203,  .938790
360210,  .896916
360218,  .969819
360230,  .983128
360234, 1.018103
360239, 1.001127
360245,  .799463
360259, 1.006966
360261, 1.002951
360262,  .994045
360263,  .919487
360266,  .883770
360270,  .975255
360274, 1.127957
360276, 1.038894
360348,  .973682
360351,  .991180
360352,  .987495
360354, 1.016034
360355, 1.000738
360358,
360359, 1.014389
360360,  .987964
360361, 1.605425
360362,  .926778
370001,  .989529
370002,  .942361
370004,  .978251
370006,  .957940
370007,  .644353
370008,  .991090
370011, 1.007405
370013, 1.074708
370014,  .999944
370015,  .919602
370016,  .948966
370018,  .997159
370019,  .940368
370020,  .987080
370022,  .873482
370023,  .897566
370025, 1.064270
370026,  .958015
370028, 1.035192
370029,  .876674
370030, 1.036763
370032, 1.084985
370034,  .957019
370036,  .747211
370037,  .991555
370039,  .929160
370040,  .925222
370041, 1.051099
370047, 1.000760
370048,  .955936
370049,  .969634
370054,  .953184
370056,  .914512
370057,  .895247
370065,  .948870
370072,  .926013
370078, 1.016892
370080,  .864196
370083,  .964555
370089,  .928722
370091,  .976593
370093, 1.022613
370094, 1.011985
370099,  .971359
370100,  .951043
370112,  .883870
370113,  .990648
370114,  .992768
370139,  .888966
370149,  .960864
370153,  .848129
370158,  .905586
370166,  .876255
370170,  .685799
370171,  .943888
370172,  .741095
370178,  .731402
370180,  .855460
370183,  .837851
370192,  .958269
370199,
370202,  .989869
370203,  .997743
140182,  .993820
140184,  .965163
140185,  .912718
140186, 1.048125
140187,  .991878
140189,  .942800
140191, 1.006943
140197, 1.035763
140200, 1.066274
140202, 1.036456
140206, 1.035128
140208, 1.037551
140209, 1.005839
140210,  .895958
140211, 1.037478
140213, 1.019670
140217, 1.075317
140223, 1.054881
140224, 1.003531
140228, 1.006859
140231, 1.012853
140233, 1.030622
140234,  .914274
140239, 1.018414
140240, 1.089861
140242, 1.031093
140250, 1.013207
140251, 1.099019
140252, 1.107412
140258, 1.114695
140275,  .917427
140276, 1.007355
140280,  .967625
140281,  .982498
140286, 1.048981
140288, 1.070810
140289,  .967459
140290, 1.131353
140291, 1.019121
140292, 1.118754
140294,  .949959
140300,  .741958
140304, 1.035547
150001, 1.045271
150002, 1.082022
150004, 1.119296
150005,  .988719
150006,  .995881
150008, 1.138903
150009,  .994558
150010, 1.076824
150012, 1.001902
150015,  .987618
150017, 1.070295
150021, 1.033507
150022,  .911982
150024,  .943422
150026,  .972241
150030,  .952980
150035, 1.035812
150037, 1.012535
150044, 1.006714
150045,  .993402
150046, 1.043264
150048,  .986503
150051, 1.025964
150056, 1.039913
150058,  .979908
150059, 1.065320
150064,  .891129
150065,  .960885
150069,  .948623
150074, 1.000461
150075,  .987721
150076,  .982968
150084, 1.031940
150086,  .983952
150089,  .987648
150090,  .997605
150091,  .877335
150100,  .992185
150101,  .831056
150104,  .967991
150109, 1.009556
150112,  .965877
150115,  .930485
150125, 1.075240
150126, 1.054196
150133,  .978860
150146,  .981216
150150,  .918592
150153,  .986258
150157,  .994606
150160,  .887695
150161, 1.041506
150165,  .991140
150166, 1.100457
150167,  .962472
150169, 1.081374
150172,  .952659
150173, 1.021863
150176, 1.075362
150177, 1.166128
150181,  .992774
150182, 1.018135
150183,
160005,  .957099
160008,  .945400
160013,  .850790
160024,  .885137
160028,  .921580
160030,  .943126
160032,  .869386
160033,  .987056
160045,  .926703
160047,  .929215
160058,  .999887
420027, 1.065688
420030,  .949665
420033,  .922009
420036,  .950367
420037,  .887090
420038,  .934742
420043,  .981319
420048,  .983596
420049,  .935955
420051,  .956889
420053,  .997002
420055,  .861853
420057, 1.017447
420065,  .971781
420066,  .998877
420067,  .948841
420068,  .984060
420069,  .869547
420070,  .973371
420071, 1.038040
420072,  .837884
420073,  .968918
420078, 1.003147
420079, 1.012724
420080,  .965333
420082, 1.021536
420083, 1.039313
420085,  .957011
420086,  .985619
420087,  .992299
420089, 1.021779
420091,  .946676
420098,  .942421
420101,  .968879
420102,  .885313
420103, 1.009600
420104,  .969757
420105,  .909223
420106,  .926468
420107,  .887020
430005,  .876004
430008,  .908401
430012,  .889056
430013,  .950075
430014,  .936412
430015,  .845419
430016, 1.007041
430027,  .998883
430048,  .873983
430077, 1.004867
430081,  .748618
430082,
430083,
430084,  .716005
430089,  .863118
430090,  .870123
430091,  .879939
430093,
430095,  .986009
430096,  .955745
430097,  .961394
440001, 1.057577
440002, 1.056632
440003, 1.066589
440007, 1.038870
440008, 1.132775
440010,  .966406
440011,  .948829
440012, 1.009668
440016,  .937737
440017, 1.046649
440018, 1.040305
440025,  .949631
440029, 1.003299
440031,  .948951
440032,  .888515
440033, 1.024155
440035,  .981436
440039,  .984798
440046,  .998611
440048, 1.000882
440049,  .991598
440051, 1.028510
440053,  .978901
440056, 1.071577
440058,  .936855
440059,  .986084
440061, 1.139375
440063,  .995761
440065, 1.025115
440068, 1.032069
440070, 1.136798
440073,  .979997
440081,  .959016
440082, 1.007456
440084, 1.030061
440091,  .968663
440102, 1.048863
440109,  .970337
440110,  .884784
440120,  .970888
440125,  .973766
440130,  .986069
440132, 1.024553
440133,  .988258
440137, 1.044380
440148,  .901746
440150, 1.010267
440152, 1.024513
440153,  .873854
440156, 1.001884
440161, 1.042435
440173,  .962232
440176,  .991070
440180,  .868831
440181,  .955745
440183, 1.049545
440184,  .952728
440185, 1.023565
440189, 1.028771
440192,  .897492
440194,  .960009
440197, 1.034825
440200, 1.038129
440227, 1.025982
440228, 1.019113
440232, 1.177822
450002, 1.040683
450007, 1.060841
450011,  .999757
450015,  .913064
450018, 1.029357
450021, 1.040054
450023, 1.080277
450024, 1.035160
450028, 1.040266
450029, 1.008847
450032, 1.035014
450033, 1.046646
450034, 1.047544
450035, 1.003427
450037, 1.026850
450039, 1.042856
450040, 1.047546
450042, 1.001146
450044,  .981880
450046, 1.059423
450051, 1.056131
450054,  .963012
450055,  .929316
450056, 1.059948
450058, 1.028289
450064, 1.158618
450068, 1.032130
450072,  .966227
450078,  .874973
450079, 1.058473
450080, 1.070444
450082, 1.180106
450083, 1.095486
450085,  .937785
450087, 1.077346
450090, 1.091819
450092, 1.121768
450097, 1.136128
450099,  .983126
450101, 1.026927
450102, 1.120739
450104, 1.151643
450107, 1.032362
450108,  .980324
450119, 1.052536
450124, 1.120438
450128,  .938583
450130, 1.033435
450132, 1.034801
450133, 1.083046
450135, 1.079371
450137, 1.081616
450143, 1.013510
450144,  .901695
450147, 1.080156
450148, 1.022639
450152,  .995822
450154,  .864943
450155,  .950596
450162, 1.023717
450163, 1.095754
450165,  .984971
450176, 1.062880
450177,  .957624
450178,  .807541
450184, 1.087644
450187,  .845996
450192,  .872646
450193, 1.011208
450196, 1.044434
450200, 1.061968
450203, 1.135572
450210,  .940312
450211, 1.038636
450214, 1.160454
450219, 1.087869
450221,  .934137
450229, 1.019586
450231, 1.053911
450236, 1.022374
450237, 1.071796
450241,  .929506
450253,  .852358
450271, 1.122756
450272, 1.070311
450289,  .943436
450292, 1.116288
450299,  .987532
450306,  .762362
450324, 1.060025
450340, 1.007305
450346, 1.015060
450348,  .987063
450351, 1.023606
450352, 1.136738
450369, 1.013977
450370,  .995198
450372, 1.052651
450388, 1.038980
450389, 1.035919
450399,  .982101
450400,  .880735
450403, 1.130059
450419, 1.081895
450422,  .973703
450431, 1.035945
450447, 1.010344
450451, 1.049481
450462, 1.103685
450465, 1.083964
450469, 1.038395
450484,  .984704
450488,
450498, 1.005998
450508, 1.128030
450518, 1.159072
450539,  .976745
450558, 1.070855
450563, 1.064785
450571,  .957382
450573, 1.061929
450580, 1.014090
450584,  .983366
450586, 1.042310
450596, 1.053952
450597, 1.131607
450605, 1.172593
230005,  .939860
230017,  .959145
230022,  .930578
260065,  .971726
260077,  .963776
260085,  .969295
260095,  .986644
260104, 1.009985
260110,  .972513
260138,  .989083
260162,  .866772
260176,  .961959
260183,  .999220
260191,  .925791
260207,
240207,  .910191
250001, 1.017135
250006,  .965314
250017, 1.044104
250025,  .993690
250034,  .964398
250042,  .983852
250048, 1.000505
110233, 1.125467
120004,  .838857
120011,  .781493
120022,  .944769
130003,  .964332
130014,  .920674
130028,  .954305
130066,  .914450
140002,  .909336
140011,  .965707
140018,  .958623
140030, 1.023703
140040, 1.011194
140048, 1.050586
140054, 1.047288
140063,  .995427
140067,  .963494
140082, 1.163137
140088, 1.046634
140095, 1.043984
140110,  .961094
140115, 1.000216
140119,  .992753
140125,  .997288
140133, 1.084150
140145,  .889785
150007, 1.023443
150011, 1.048767
150018,  .944333
150023, 1.009190
150034, 1.004333
150042, 1.068644
150047, 1.017302
150057,  .936972
150061, 1.186102
150072, 1.028653
150082, 1.037639
150088, 1.042535
150097, 1.003408
150102,  .974285
150113,  .997125
150128, 1.045737
150149,  .901791
150158,  .996772
150162,  .996614
150168,  .937708
150175,  .973975
150179,  .904377
160001,  .846883
160016,  .920847
160029,  .844169
160040, 1.038070
160057,  .875069
440006, 1.052577
440009,  .921887
440015,  .987543
440020,  .999818
440030, 1.020624
440034,  .942743
440040,  .894696
440050,  .957536
440057,  .947050
440060,  .958438
440067, 1.094039
440072, 1.018286
440083, 1.011422
440104, 1.009632
440111,  .928838
440131,  .883235
440144, 1.057968
440151, 1.014553
440159, 1.218369
440175, 1.069734
440182, 1.174990
440187, 1.126102
440193, 1.056796
440218,  .862414
440231, 1.397301
450010, 1.079370
450194, 1.031116
450209, 1.125487
450213, 1.018903
450222, 1.086452
450235, 1.137661
450243,  .781431
450280, 1.123387
450293,  .881653
450330, 1.154282
450347, 1.099594
450358, 1.003675
450379, 1.229736
450395,  .999850
450411, 1.076502
450424, 1.051099
450460, 1.004711
450475, 1.020345
450489,  .793617
450537, 1.193813
450565, 1.146017
450578,  .752469
450587, 1.058014
450604,  .950107
450620,  .970396
450641,  .918023
450647, 1.068616
450656, 1.054374
450862, 1.137981
450869, 1.015983
450874, 1.025238
450880, 1.180337
450888, 1.115726
450893, 1.137122
460004,  .978118
460007,  .908498
460013, 1.011622
460019,  .759436
460026, 1.015724
460039, 1.017420
460043,
460057,  .993406
470003, 1.003540
470024,  .979560
490004,  .936996
490011,  .981636
490018,  .913339
490022,  .996701
490033,  .931310
490040,  .986323
490044,  .953592
490048, 1.007795
490057,  .972151
500049,  .903479
500053,  .904238
500064, 1.048543
500084, 1.005219
500119,  .974490
500141,  .929574
500151,  .888222
510006,  .956549
510013,  .991718
510024, 1.029788
510038,  .856036
510047,  .956618
510058, 1.044007
510072, 1.037883
510086,  .777055
520008,  .984763
520013,  .964024
520027,  .973791
520034,  .957045
520038,  .918616
520048,  .929253
520059,  .913517
520066,  .923163
520076,  .896216
520087,  .958061
520095,  .815959
520100,  .976654
360016,  .964423
360026, 1.047716
360032,  .998351
360039,  .984766
360044, 1.044786
360052, 1.059230
360058, 1.086122
360065,  .922283
360071,  .955328
360075, 1.011117
360079, 1.034252
360084, 1.001142
360087,  .928486
360092,  .965706
360098, 1.024496
360118,  .985345
360131, 1.108420
360134, 1.003415
360144, 1.021733
360148,  .960861
360153,  .978039
360161, 1.071211
360172, 1.101026
360180,  .989575
360197, 1.068662
360211, 1.111514
360236,  .955502
370097,  .984222
370106, 1.044154
370138,  .796046
370156,  .843425
370173,  .752509
370190, 1.192246
370201, 1.096986
370210,  .884995
370214,
370228,  .962305
370235,  .911409
380004,  .905035
380009,  .992783
380020,  .875357
380027,  .864842
380037,  .834424
380050,  .829293
380056,  .915682
380075,  .931120
380091,  .805754
390001, 1.082408
390006, 1.043161
390012,  .973681
390025,
390138,  .852012
390146,  .889237
390151,  .927629
390160, 1.065709
390164, 1.036041
390178,  .945356
390184,  .930711
390194, 1.032608
390199, 1.045106
390211,  .956643
390220, 1.078220
390226, 1.028637
390233,  .979382
390258, 1.049577
530006,  .851737
530008,  .876377
530011,  .905054
530012, 1.032970
530014, 1.019746
530015,  .848249
530025,  .868103
530032,  .911826
530033,  .994181
670004, 1.042250
670005,  .994274
670006, 1.060227
670008, 1.005385
670019, 1.492256
670023, 1.154756
670024, 1.113050
670025, 1.061131
670031, 1.233084
670034, 1.035175
670041, 1.107065
670043, 1.040197
670044, 1.051467
670046, 1.119512
670047, 1.016652
670049, 1.045329
670053, 1.193739
670054, 1.087340
670055, 1.067126
670056, 1.083348
670058,
670059, 1.187130
670060, 1.141898
670061, 1.045492
670062,
670067, 1.027146
670068, 1.064439
670069, 1.115252
670071, 1.092324
670073, 1.020530
670075, 1.186410
670076, 1.005498
670077, 1.042043
670078,  .661702
670079, 1.110064
670082, 1.098918
670083, 1.309208
670087,
670088,  .937089
670089,
670092, 1.044199
670094,
670096, 1.153060
670097,
670098, 1.119711
670103,  .975386
670106, 1.204413
670108, 1.071294
50056, 1.007791
50060,  .977676
50070,  .829916
50075,  .887337
50078, 1.027359
50090,  .900176
50096, 1.480689
50102, 1.161309
50108,  .953003
50113,  .980074
50121,  .886942
50126, 1.110987
50129, 1.075735
50135, 1.241205
50138,  .940184
50149, 1.011444
50158, 1.031333
50168, 1.052093
50180,  .977664
50192,  .892243
50197,  .957787
50222,  .965852
50226, 1.094923
50232,  .962803
50238, 1.070981
50243, 1.000282
50257,  .905397
50464,  .989113
50485, 1.024179
50498,  .921823
50506,  .970370
50516,  .944224
50526, 1.144849
50541,  .993533
50549,  .995492
50557,  .958476
50570, 1.072721
50581, 1.159384
50589, 1.065275
50603,  .962551
50609,  .778779
50633,  .941443
50668,
50689,  .994690
50697,  .763785
50709,  .922500
50717,  .956177
50727, 1.160032
50737, 1.133347
50740, 1.031960
50746, 1.154630
50751,
100217, 1.011394
100226, 1.063725
100232, 1.065863
100238, 1.070678
100244, 1.030629
100252,  .972567
100255, 1.034975
100260, 1.034256
100266,  .992192
100275, 1.089405
100284, 1.112150
100287, 1.054586
100291, 1.063414
100299, 1.059296
100314,  .949863
100320,  .970472
110007,  .981100
110015,  .907226
110023,  .919406
110027, 1.017650
110031, 1.037502
110035,  .977651
110040,  .940786
110043,  .967633
110050,  .813504
60124,  .901917
70003, 1.025258
70006, 1.022108
70011, 1.052076
70017, 1.015159
70021,  .981608
70027,  .999113
70031, 1.046804
70036,  .991269
70040, 1.101114
80006,  .954912
90003,  .877717
90006,  .984395
100002, 1.125104
100009, 1.053917
100017, 1.056501
100023, 1.039780
100028,  .975660
100034, 1.033674
100039, 1.056366
100045, 1.039354
100049, 1.021991
100052, 1.074260
100057,  .989803
100067, 1.045256
100071, 1.050817
10120, 1.041216
10129,  .869952
10139, 1.020289
10148,  .879631
10158, 1.033917
10169,  .900648
20012,  .827448
20026,  .895023
390267, 1.124708
390272,  .719279
390304, 1.063943
390314,  .897359
390323, 1.054639
390327, 1.025081
410001, 1.061603
410007,  .992540
410010,  .977858
420002, 1.037234
420009,  .956687
420015,  .991301
420023, 1.000312
670080,  .956623
670085, 1.055679
670090, 1.439035
670095,
670107,
270003,  .866077
270017,  .923656
270049,  .944952
270086,  .832367
280013, 1.014992
280030, 1.019776
280061,  .947044
280105,  .991343
280127,  .899002
280131,  .846160
280134, 1.089352
290005, 1.019157
290009,  .901958
310058, 1.149811
310069, 1.009033
310074, 1.077189
310083, 1.085510
310092, 1.095043
310110, 1.100146
310115, 1.070204
310130, 1.066069
320004,  .980368
320011,  .885885
320017,  .934402
320030,  .867542
320058,
320067,  .671487
320084,  .892869
330003,  .947468
330008,  .862452
330013,  .987006
330024,  .975513
330030,  .906659
330045, 1.044356
330055, 1.028711
330058,  .918750
330073,  .941264
330079,  .879519
330222,  .916895
330229, 1.009603
330233, 1.021936
330238,  .898760
330241, 1.023937
330259, 1.142656
330267, 1.066446
330273,  .992942
330285,  .932760
330340,  .928195
330385,  .976533
330394,  .919806
330399,  .979006
330405,
340010,  .947755
340015, 1.001237
340021,  .971049
340027,  .979172
340037,  .912692
340042,  .916201
340050,  .906657
340061,  .972501
340070,  .913059
340075,  .949834
230227,  .982743
230241,  .985571
230259,  .896623
230273, 1.017614
230297, 1.002760
230303,  .911439
240006,  .835302
240018,  .909398
240030,  .982980
240043,  .858543
240050,  .865852
240057,  .951529
240064,  .904110
240075,  .859456
240084,  .832597
240100,  .875833
240115,  .914333
240166,  .747174
520102,  .980951
520103,  .984798
520107,  .915973
520109,  .873805
520113,  .907269
520116,  .924292
520136,  .957519
520138,  .986387
520139,  .999101
520160,  .942740
520177,  .962820
520189,  .973418
520193,  .970749
520194,  .816391
520196, 1.001106
520198,  .929347
520202,  .922385
520204,  .933825
520205,  .944176
520206,  .966321
520207,  .949395
520208, 1.036821
530002,  .903313
370206,  .933006
370211, 1.017746
370212, 1.063713
370215,  .944785
370216,  .923727
370218,  .945736
370220, 1.103132
370222,  .941077
370225, 1.062823
370227,  .835562
370229, 1.076667
370234,  .958182
370236, 1.130834
380001,  .932289
380002,  .879856
380005,  .878662
380007,  .923876
380014,  .912877
380017,  .924994
380018,  .933875
380021,  .888345
380022,  .842043
380025,  .857510
380029,  .847398
380033,  .801442
380038,  .890226
380040,  .901994
380047,  .915469
380051,  .912929
380052, 1.006563
380060,  .866118
380061,  .919769
380071,  .878422
380082,  .887640
380089,  .899138
380090,  .896404
380102,  .886671
380103,  .802095
390002, 1.024849
390003,  .861058
390004, 1.059001
390008,  .930976
390009,  .995630
390013,  .940696
390016, 1.123244
390019, 1.010178
390026, 1.038665
390027,  .984711
390028, 1.057698
390030, 1.050209
390031, 1.096897
390032, 1.137131
390035,  .955525
390036, 1.035728
390037, 1.037550
390039,  .993919
390041, 1.000264
390042, 1.061544
390043,  .985895
390044, 1.007790
390045,  .991506
390046, 1.021124
390048, 1.003879
390049,  .972782
390050, 1.051245
390052, 1.037755
390056,  .992513
390057,  .953761
390058, 1.042328
390061,  .991118
390062, 1.010958
390063, 1.052347
390065,  .972902
390066, 1.012168
390067, 1.002684
390068,  .955014
390070,  .970939
390071,  .957939
390072, 1.095805
390073, 1.097682
390076, 1.054672
390079,  .936399
390080, 1.041227
390081, 1.113937
390084, 1.004020
390086,  .996859
390090, 1.042483
390091,  .959003
390093, 1.025596
390096, 1.017105
390097, 1.000902
390100,  .993588
390101, 1.071520
390102, 1.051529
390104,  .936145
390107, 1.053058
390110, 1.014938
390111, 1.022409
390112,  .921884
390113,  .946760
390114,  .929861
390115, 1.006826
390116, 1.060764
390117,  .992569
390118,  .981363
390119, 1.159052
390123, 1.093699
390125, 1.008132
390127, 1.036394
390130,  .830719
390133, 1.006678
390137, 1.171778
390139, 1.037533
390142, 1.037203
390145, 1.036720
390147,  .999451
390150, 1.046651
390153, 1.031839
390156, 1.026800
390157, 1.228607
390162, 1.002629
390163,  .944269
390168, 1.031673
390173,  .990625
390174, 1.014894
390179,  .991269
390180, 1.087929
390183,  .946263
390185,  .979757
390192,  .917628
390195,  .979939
390197, 1.013414
390198, 1.083182
390201,  .990864
390203,  .971475
390204, 1.029236
390217, 1.086965
390219, 1.099567
390222,  .985837
390223, 1.002671
390225, 1.014113
390228, 1.012384
390231,  .995023
390236,  .865618
390237, 1.078256
390256, 1.016099
390263,  .997942
390265, 1.080354
390266, 1.042910
390268,  .977800
390270, 1.129479
390278,  .715416
390290, 1.005072
390302,
390307,  .992001
390312, 1.227664
390316,  .888821
390321,  .913374
390322,  .802477
390324, 1.075685
390325,  .957250
390326,  .951313
390328, 1.015267
390329,  .993671
410004,  .931937
410005, 1.003141
410006,  .992215
410008,  .960815
410009, 1.004386
410011,  .973375
410012,  .965565
410013,  .969985
420004,  .996398
420005,  .868479
420007, 1.016181
420010,  .999713
420011, 1.059417
420018,  .985154
420019,  .944298
420020,  .953743
420026,  .988032
30006, 1.002370
30012,  .992524
30016,  .914036
30030, 1.027435
30038, 1.029969
30061,  .919669
30068,  .847202
30073,  .745765
30084,  .742067
30089,  .992474
30094,  .990217
30107,  .887506
30112, 1.076701
30115,  .907976
30120, 1.121918
30123,  .977184
30134,  .803248
40002,  .935924
40010,  .933616
170197,  .984736
180002,  .851987
180010,  .991203
180013, 1.028795
180019,  .961354
180025,  .907766
180035, 1.025497
180043,  .892222
180046,  .948634
180051,  .987244
180066,  .939426
180070,  .901772
180087, 1.001582
180095, 1.010455
180103, 1.034642
180115,  .945534
180127,  .967560
180138,  .925553
180149,  .916257
190004,  .977551
190008, 1.002006
190014, 1.127258
190020, 1.076239
190034, 1.095661
190040,  .955128
190046, 1.014369
190307,
200019,  .942479
200024,  .975431
200037,  .948952
200050,  .920505
220002,  .989414
220012, 1.009144
220017, 1.008316
220029, 1.055639
220035,  .991417
220049, 1.050729
220060,  .993854
220065, 1.077549
220073, 1.018404
220080, 1.080094
220086, 1.018727
220098, 1.048014
220105, 1.004472
220116, 1.032402
220163, 1.046749
220176, 1.020392
